Date,TotalRevenue,Revenue_7day_avg,Revenue_30day_avg,Revenue_lag1,Revenue_lag7,Revenue_lag30
2010-01-14,23843.47,31634.719999999998,30179.195999999996,12409.99,8740.69,44048.69
2010-01-15,13507.54,23130.764285714286,28864.71433333333,23843.47,73035.23,52941.99
2010-01-17,17548.29,21306.548571428575,27200.354666666666,13507.54,30317.8,67479.08
2010-01-18,12132.69,19718.635714285712,26469.297333333332,17548.29,23248.08,34064.41
2010-01-19,22011.471,20050.940142857144,26876.2447,12132.69,19685.34,9803.05
2010-01-20,13366.46,16402.84442857143,26502.436033333328,22011.471,38903.13,24580.72
2010-01-21,27391.96,18543.125857142855,26309.84703333333,13366.46,12409.99,33169.63
2010-01-22,29374.48,19333.27014285714,25795.518366666667,27391.96,23843.47,44804.34
2010-01-24,15691.72,19645.295857142857,25281.4557,29374.48,13507.54,31113.6
2010-01-25,18375.19,19763.424428571427,24600.4167,15691.72,17548.29,38806.36
2010-01-26,38647.22,23551.214428571428,24574.794700000002,18375.19,12132.69,39415.88
2010-01-27,23758.02,23800.721428571433,24643.01336666667,38647.22,22011.471,21711.46
2010-01-28,18949.43,24598.288571428573,23561.38003333333,23758.02,13366.46,51398.43
2010-01-29,25427.991,24317.721571428574,22845.1604,18949.43,27391.96,46914.58
2010-01-31,18366.19,22745.108714285714,22218.2334,25427.991,29374.48,37174.0
2010-02-01,16654.131,22882.596,21761.841433333335,18366.19,15691.72,30345.89
2010-02-02,19715.71,23074.098857142857,21363.014433333334,16654.131,18375.19,31680.52
2010-02-03,17265.551,20019.574714285718,21557.755133333332,19715.71,38647.22,11423.33
2010-02-04,22661.8,19862.97185714286,21794.2138,17265.551,23758.02,15568.04
2010-02-05,19507.18,19942.650428571425,22087.695133333335,22661.8,18949.43,10702.74
2010-02-07,17075.3,18749.408857142855,22339.957799999996,19507.18,25427.991,9507.42
2010-02-08,13047.56,17989.604571428572,22326.525133333336,17075.3,18366.19,13450.54
2010-02-09,18445.98,18245.583,22303.519800000002,13047.56,16654.131,19136.14
2010-02-10,6123.39,16303.823,22216.276466666666,18445.98,19715.71,8740.69
2010-02-11,15096.0,15993.887142857142,20284.9688,6123.39,17265.551,73035.23
2010-02-12,9742.16,14148.224285714286,19599.114133333333,15096.0,22661.8,30317.8
2010-02-14,17901.06,13918.778571428571,19420.880133333332,9742.16,19507.18,23248.08
2010-02-15,42610.561,17566.673,20185.054166666665,17901.06,17075.3,19685.34
2010-02-16,25728.260000000002,19378.20157142857,19745.891833333335,42610.561,13047.56,38903.13
2010-02-17,26558.73,20537.165857142856,20217.5165,25728.260000000002,18445.98,12409.99
2010-02-18,35798.29,24776.437285714284,20616.0105,26558.73,6123.39,23843.47
2010-02-19,18961.84,25328.700142857142,20797.820499999998,35798.29,15096.0,13507.54
2010-02-21,11477.911,25576.664571428573,20595.47453333333,18961.84,9742.16,17548.29
2010-02-22,26341.79,26782.483142857145,21069.1112,11477.911,17901.06,12132.69
2010-02-23,20896.28,23680.443,21031.938166666667,26341.79,42610.561,22011.471
2010-02-24,30413.861,24349.81457142857,21600.18486666667,20896.28,25728.260000000002,13366.46
2010-02-25,44631.31,26931.611714285715,22174.829866666663,30413.861,26558.73,27391.96
2010-02-26,12799.391,23646.054714285714,21622.3269,44631.31,35798.29,29374.48
2010-02-28,16917.02,23353.93757142857,21663.17023333333,12799.391,18961.84,15691.72
2010-03-01,23982.670000000002,25140.331714285716,21850.08623333333,16917.02,11477.911,18375.19
2010-03-02,21707.53,24478.29457142857,21285.4299,23982.670000000002,26341.79,38647.22
2010-03-03,31906.24,26051.146,21557.037233333333,21707.53,20896.28,23758.02
2010-03-04,30037.15,25997.33014285714,21926.627900000003,31906.24,30413.861,18949.43
2010-03-05,25509.64,23265.663,21929.349533333334,30037.15,44631.31,25427.991
2010-03-07,19230.27,24184.359999999997,21958.1522,25509.64,12799.391,18366.19
2010-03-08,26607.28,25568.682857142856,22289.92383333333,19230.27,16917.02,16654.131
2010-03-09,19701.84,24957.135714285716,22289.461499999998,26607.28,23982.670000000002,19715.71
2010-03-10,23000.19,25141.801428571427,22480.616133333337,19701.84,21707.53,17265.551
2010-03-11,21633.64,23674.287142857145,22446.344133333336,23000.19,31906.24,22661.8
2010-03-12,19146.25,22118.444285714282,22434.313133333333,21633.64,30037.15,19507.18
2010-03-14,9032.7,19764.59571428571,22166.226466666667,19146.25,25509.64,17075.3
2010-03-15,20611.431,19961.90442857143,22418.355499999998,9032.7,19230.27,13047.56
2010-03-16,21152.84,19182.698714285714,22508.584166666667,20611.431,26607.28,18445.98
2010-03-17,29619.48,20599.50442857143,23291.787166666665,21152.84,19701.84,6123.39
2010-03-18,37629.29,22689.375857142855,24042.896833333336,29619.48,23000.19,15096.0
2010-03-19,35397.14,24655.59014285714,24898.062833333333,37629.29,21633.64,9742.16
2010-03-21,20836.18,24897.008714285716,24995.900166666666,35397.14,19146.25,17901.06
2010-03-22,21653.89,26700.035857142855,24297.34446666667,20836.18,9032.7,42610.561
2010-03-23,41914.54,29743.33714285714,24836.887133333334,21653.89,20611.431,25728.260000000002
2010-03-24,26031.36,30440.268571428573,24819.308133333336,41914.54,21152.84,26558.73
2010-03-25,30658.41,30588.687142857143,24647.978799999997,26031.36,29619.48,35798.29
2010-03-26,29889.94,29483.065714285713,25012.2488,30658.41,37629.29,18961.84
2010-03-28,22562.62,27649.562857142857,25381.739100000003,29889.94,35397.14,11477.911
2010-03-29,31812.08,29217.54857142857,25564.0821,22562.62,20836.18,26341.79
2010-03-30,33648.52,30931.067142857144,25989.156766666667,31812.08,21653.89,20896.28
2010-03-31,24695.87,28471.257142857143,25798.557066666664,33648.52,41914.54,30413.861
2010-04-01,28701.81,28852.75,25267.573733333335,24695.87,26031.36,44631.31
2010-04-06,17982.48,27041.902857142857,25440.343366666664,28701.81,30658.41,12799.391
2010-04-07,32195.350000000002,27371.247142857144,25949.621033333337,17982.48,29889.94,16917.02
2010-04-08,39938.28,29853.484285714287,26481.474700000002,32195.350000000002,22562.62,23982.670000000002
2010-04-09,14707.33,27409.94857142857,26248.1347,39938.28,31812.08,21707.53
2010-04-11,19967.32,25455.49142857143,25850.170700000002,14707.33,33648.52,31906.24
2010-04-12,26011.031,25643.37157142857,25715.96673333333,19967.32,24695.87,30037.15
2010-04-13,25795.32,25228.158714285713,25725.4894,26011.031,28701.81,25509.64
2010-04-14,27203.98,26545.51585714286,25991.279733333333,25795.32,17982.48,19230.27
2010-04-15,19592.19,24745.06442857143,25757.4434,27203.98,32195.350000000002,26607.28
2010-04-16,19416.42,21813.37014285714,25747.929400000005,19592.19,39938.28,19701.84
2010-04-18,24096.88,23154.734428571428,25784.48573333333,19416.42,14707.33,23000.19
2010-04-19,24620.04,23819.408714285713,25884.0324,24096.88,19967.32,21633.64
2010-04-20,21323.69,23149.788571428573,25956.613733333335,24620.04,26011.031,19146.25
2010-04-21,25962.71,23173.70142857143,26520.9474,21323.69,25795.32,9032.7
2010-04-22,35766.15,24396.86857142857,27026.104700000004,25962.71,27203.98,20611.431
2010-04-23,15124.24,23758.589999999997,26825.151366666665,35766.15,19592.19,21152.84
2010-04-25,16774.12,23381.118571428575,26396.9727,15124.24,19416.42,29619.48
2010-04-26,29918.53,24212.782857142854,26139.94736666667,16774.12,24096.88,37629.29
2010-04-27,43801.9,26953.04857142857,26420.106033333333,29918.53,24620.04,35397.14
2010-04-28,31291.74,28377.05571428571,26768.6247,43801.9,21323.69,20836.18
2010-04-29,29714.021,28912.957285714285,27037.295733333332,31291.74,25962.71,21653.89
2010-04-30,24703.66,27332.60157142857,26463.599733333333,29714.021,35766.15,41914.54
2010-05-02,12367.83,26938.828714285715,26008.14873333333,24703.66,15124.24,26031.36
2010-05-04,18988.58,27255.18014285714,25619.1544,12367.83,16774.12,30658.41
2010-05-05,23642.83,26358.651571428574,25410.9174,18988.58,29918.53,29889.94
2010-05-06,51788.06,27499.53157142857,26385.098733333332,23642.83,43801.9,22562.62
2010-05-07,32001.21,27600.884428571426,26391.40306666667,51788.06,31291.74,31812.08
2010-05-09,23143.29,26662.20857142857,26041.228733333333,32001.21,29714.021,33648.52
2010-05-10,26539.18,26924.425714285713,26102.6724,23143.29,24703.66,24695.87
2010-05-11,25259.07,28766.03142857143,25987.914399999998,26539.18,12367.83,28701.81
2010-05-12,29794.61,30309.75,26381.652066666666,25259.07,18988.58,17982.48
2010-05-13,39032.8,32508.317142857144,26609.567066666667,29794.61,23642.83,32195.350000000002
2010-05-14,16917.19,27526.764285714286,25842.1974,39032.8,51788.06,39938.28
2010-05-16,18478.89,25595.00428571429,25967.916066666665,16917.19,32001.21,14707.33
2010-05-17,23339.74,25623.068571428572,26080.330066666666,18478.89,23143.29,19967.32
2010-05-18,26274.83,25585.304285714286,26089.123366666667,23339.74,26539.18,26011.031
2010-05-19,16710.4,24364.065714285716,25786.2927,26274.83,25259.07,25795.32
2010-05-20,25434.03,23741.125714285714,25727.294366666665,16710.4,29794.61,27203.98
2010-05-21,22560.06,21387.877142857145,25826.223366666665,25434.03,39032.8,19592.19
2010-05-23,25155.77,22564.817142857144,26017.535033333334,22560.06,16917.19,19416.42
2010-05-24,33580.34,24722.16714285714,26333.65036666667,25155.77,18478.89,24096.88
2010-05-25,20514.92,24318.62142857143,26196.813033333336,33580.34,23339.74,24620.04
2010-05-26,29627.59,24797.587142857144,26473.609699999997,20514.92,26274.83,21323.69
2010-05-27,29397.36,26610.01,26588.098033333332,29627.59,16710.4,25962.71
2010-05-28,18652.75,25641.25571428571,26017.651366666665,29397.36,25434.03,35766.15
2010-05-30,10784.460000000001,23959.027142857143,25872.992033333332,18652.75,22560.06,15124.24
2010-06-01,13191.66,22249.868571428575,25753.576699999998,10784.460000000001,25155.77,16774.12
2010-06-02,13778.51,19421.035714285714,25215.57603333333,13191.66,33580.34,29918.53
2010-06-03,26787.3,20317.09,24648.422700000003,13778.51,20514.92,43801.9
2010-06-04,11447.73,17719.967142857142,23986.9557,26787.3,29627.59,31291.74
2010-06-06,25686.0,17189.772857142856,23852.688333333335,11447.73,29397.36,29714.021
2010-06-07,45828.13,21071.969999999998,24556.837333333333,25686.0,18652.75,24703.66
2010-06-08,48431.52,26450.12142857143,25758.960333333336,45828.13,10784.460000000001,12367.83
2010-06-09,36609.86,29795.57857142857,26346.336333333336,48431.52,13191.66,18988.58
2010-06-10,18089.8,30411.477142857144,26161.23533333333,36609.86,13778.51,23642.83
2010-06-11,30960.89,31007.704285714284,25466.996333333333,18089.8,26787.3,51788.06
2010-06-13,21333.72,32419.98857142857,25111.41333333333,30960.89,11447.73,32001.21
2010-06-14,21388.51,31806.06142857143,25052.920666666665,21333.72,25686.0,23143.29
2010-06-15,26973.08,29112.482857142855,25067.384000000002,21388.51,45828.13,26539.18
2010-06-16,29305.64,26380.214285714286,25202.26966666667,26973.08,48431.52,25259.07
2010-06-17,22812.78,24409.20285714286,24969.542,29305.64,36609.86,29794.61
2010-06-18,17800.34,24367.851428571426,24261.793333333335,22812.78,18089.8,39032.8
2010-06-20,9113.43,21246.785714285714,24001.667999999998,17800.34,30960.89,16917.19
2010-06-21,18246.3,20805.725714285716,23993.915,9113.43,21333.72,18478.89
2010-06-22,12431.13,19526.1,23630.294666666665,18246.3,21388.51,23339.74
2010-06-23,25098.239999999998,19258.265714285713,23591.075,12431.13,26973.08,26274.83
2010-06-24,17268.73,17538.70714285714,23609.685999999998,25098.239999999998,29305.64,16710.4
2010-06-25,12377.64,16047.972857142855,23174.473,17268.73,22812.78,25434.03
2010-06-27,18834.32,16195.684285714286,23050.281666666666,12377.64,17800.34,22560.06
2010-06-28,51270.77,22218.161428571428,23920.781666666666,18834.32,9113.43,25155.77
2010-06-29,32420.64,24243.067142857144,23882.125,51270.77,18246.3,33580.34
2010-06-30,31579.91,26978.60714285714,24250.958,32420.64,12431.13,20514.92
2010-07-01,28965.25,27531.037142857145,24228.88,31579.91,25098.239999999998,29627.59
2010-07-02,16778.23,27460.965714285714,23808.242333333335,28965.25,17268.73,29397.36
2010-07-04,10493.66,27191.82571428571,23536.272666666664,16778.23,12377.64,18652.75
2010-07-05,31069.37,28939.690000000002,24212.436333333335,10493.66,18834.32,10784.460000000001
2010-07-06,19921.23,24461.184285714284,24436.755333333334,31069.37,51270.77,13191.66
2010-07-07,24954.42,23394.58142857143,24809.285666666667,19921.23,32420.64,13778.51
2010-07-08,20020.69,21743.264285714282,24583.732,24954.42,31579.91,26787.3
2010-07-09,33417.54,22379.30571428571,25316.058999999997,20020.69,28965.25,11447.73
2010-07-11,7679.86,21079.53857142857,24715.854333333333,33417.54,16778.23,25686.0
2010-07-12,16259.7,21903.25857142857,23730.239999999998,7679.86,10493.66,45828.13
2010-07-13,17463.76,19959.600000000002,22697.981333333333,16259.7,31069.37,48431.52
2010-07-14,19502.47,19899.777142857143,22127.734999999997,17463.76,19921.23,36609.86
2010-07-15,55987.63,24333.092857142856,23390.996,19502.47,24954.42,18089.8
2010-07-16,21148.11,24494.152857142857,23063.903333333332,55987.63,20020.69,30960.89
2010-07-18,14646.26,21812.541428571425,22840.988,21148.11,33417.54,21333.72
2010-07-19,28646.42,24807.764285714286,23082.918333333335,14646.26,7679.86,21388.51
2010-07-20,23217.99,25801.80571428571,22957.748666666666,28646.42,16259.7,26973.08
2010-07-21,19171.47,26045.764285714286,22619.942999999996,23217.99,17463.76,29305.64
2010-07-22,21672.079999999998,26355.708571428575,22581.919666666665,19171.47,19502.47,22812.78
2010-07-23,23925.32,21775.378571428573,22786.085666666666,21672.079999999998,55987.63,17800.34
2010-07-25,17431.3,21244.405714285713,23063.347999999998,23925.32,21148.11,9113.43
2010-07-26,20346.23,22058.687142857143,23133.345666666668,17431.3,14646.26,18246.3
2010-07-27,28293.86,22008.321428571428,23662.103333333333,20346.23,28646.42,12431.13
2010-07-28,23308.920000000002,22021.31142857143,23602.45933333333,28293.86,23217.99,25098.239999999998
2010-07-29,32923.63,23985.905714285713,24124.28933333333,23308.920000000002,19171.47,17268.73
2010-07-30,14391.34,22945.8,24191.412666666667,32923.63,21672.079999999998,12377.64
2010-08-01,30724.29,23917.08142857143,24587.745,14391.34,23925.32,18834.32
2010-08-02,26390.89,25197.022857142856,23758.415666666664,30724.29,17431.3,51270.77
2010-08-03,22388.16,25488.727142857144,23423.999666666667,26390.89,20346.23,32420.64
2010-08-04,17594.33,23960.222857142857,22957.813666666665,22388.16,28293.86,31579.91
2010-08-05,23247.39,23951.432857142856,22767.21833333333,17594.33,23308.920000000002,28965.25
2010-08-06,14738.6,21353.571428571428,22699.230666666663,23247.39,32923.63,16778.23
2010-08-08,14135.34,21317.0,22820.620000000003,14738.6,14391.34,10493.66
2010-08-09,31355.41,21407.16,22830.15466666666,14135.34,30724.29,31069.37
2010-08-10,28280.39,21677.088571428572,23108.79333333333,31355.41,26390.89,19921.23
2010-08-11,18674.68,21146.591428571428,22899.468666666668,28280.39,22388.16,24954.42
2010-08-12,26131.35,22366.165714285715,23103.157333333333,18674.68,17594.33,20020.69
2010-08-13,15269.89,21226.522857142852,22498.235666666667,26131.35,23247.39,33417.54
2010-08-15,20679.97,22075.289999999997,22931.572666666663,15269.89,14738.6,7679.86
2010-08-16,14341.34,22104.71857142857,22867.62733333333,20679.97,14135.34,16259.7
2010-08-17,28821.02,21742.66285714286,23246.202666666664,14341.34,31355.41,17463.76
2010-08-18,35233.12,22735.91,23770.557666666668,28821.02,28280.39,19502.47
2010-08-19,30741.84,24459.79,22929.031333333336,35233.12,18674.68,55987.63
2010-08-20,23264.37,24050.221428571425,22999.573333333337,30741.84,26131.35,21148.11
2010-08-22,22766.81,25121.21,23270.258333333335,23264.37,15269.89,14646.26
2010-08-23,20665.02,25119.074285714283,23004.211666666666,22766.81,20679.97,28646.42
2010-08-24,26612.19,26872.052857142855,23117.351666666666,20665.02,14341.34,23217.99
2010-08-25,30529.81,27116.165714285715,23495.963,26612.19,28821.02,19171.47
2010-08-26,32072.39,26664.632857142857,23842.640000000003,30529.81,35233.12,21672.079999999998
2010-08-27,12210.79,24017.34,23452.15566666667,32072.39,30741.84,23925.32
2010-08-29,14509.78,22766.684285714287,23354.771666666667,12210.79,23264.37,17431.3
2010-08-31,22863.48,22780.494285714285,23438.679999999997,14509.78,22766.81,20346.23
2010-09-01,20387.01,22740.778571428575,23175.118333333332,22863.48,20665.02,28293.86
2010-09-02,33483.72,23722.425714285713,23514.278333333335,20387.01,26612.19,23308.920000000002
2010-09-03,34775.61,24328.96857142857,23576.011000000002,33483.72,30529.81,32923.63
2010-09-05,12389.65,21517.148571428574,23509.288,34775.61,32072.39,14391.34
2010-09-06,23733.02,23163.18142857143,23276.245666666666,12389.65,12210.79,30724.29
2010-09-07,24407.5,24577.141428571427,23210.132666666665,23733.02,14509.78,26390.89
2010-09-08,16209.63,23626.591428571428,23004.181666666664,24407.5,22863.48,22388.16
2010-09-09,23633.48,24090.372857142855,23205.48666666667,16209.63,20387.01,17594.33
2010-09-10,16023.15,21596.005714285715,22964.678666666667,23633.48,33483.72,23247.39
2010-09-12,15762.29,18879.817142857144,22998.80166666667,16023.15,34775.61,14738.6
2010-09-13,32968.56,21819.661428571428,23626.575666666668,15762.29,12389.65,14135.34
2010-09-14,19756.84,21251.635714285716,23239.95666666667,32968.56,23733.02,31355.41
2010-09-15,33851.05,22600.714285714286,23425.645333333334,19756.84,24407.5,28280.39
2010-09-16,27173.141,24166.93014285714,23708.927366666667,33851.05,16209.63,18674.68
2010-09-17,19548.35,23583.340142857145,23489.494033333332,27173.141,23633.48,26131.35
2010-09-19,22984.34,24577.795857142857,23746.642366666663,19548.35,16023.15,15269.89
2010-09-20,38634.58,27845.26585714286,24345.129366666668,22984.34,15762.29,20679.97
2010-09-21,55151.61,31014.272999999997,25705.471700000002,38634.58,32968.56,14341.34
2010-09-22,27261.12,32086.313,25653.475033333336,55151.61,19756.84,28821.02
2010-09-23,34375.74,32161.268714285714,25624.8957,27261.12,33851.05,35233.12
2010-09-24,47160.31,35016.57857142857,26172.17803333333,34375.74,27173.141,30741.84
2010-09-26,21858.47,35346.595714285715,26125.3147,47160.31,19548.35,23264.37
2010-09-27,115243.44,48526.467142857146,29207.869033333332,21858.47,22984.34,22766.81
2010-09-28,40204.85,48750.79142857143,29859.196699999997,115243.44,38634.58,20665.02
2010-09-29,36895.79,46142.81714285714,30201.983366666667,40204.85,55151.61,26612.19
2010-09-30,37741.75,47640.049999999996,30442.381366666665,36895.79,27261.12,30529.81
2010-10-01,34597.86,47671.78142857143,30526.5637,37741.75,34375.74,32072.39
2010-10-03,38663.81,46457.99571428571,31408.331033333332,34597.86,47160.31,12210.79
2010-10-04,35019.51,48338.14428571429,32091.9887,38663.81,21858.47,14509.78
2010-10-05,55162.92,39755.212857142855,33168.6367,35019.51,115243.44,22863.48
2010-10-06,30468.72,38364.33714285714,33504.693699999996,55162.92,40204.85,20387.01
2010-10-07,47747.15,39914.531428571434,33980.14136666666,30468.72,36895.79,33483.72
2010-10-08,51889.25,41935.60285714286,34550.59603333333,47747.15,37741.75,34775.61
2010-10-10,23190.78,40306.020000000004,34910.6337,51889.25,34597.86,12389.65
2010-10-11,40044.11,40503.205714285716,35454.3367,23190.78,38663.81,23733.02
2010-10-12,46646.97,42164.27142857143,36195.65236666667,40044.11,35019.51,24407.5
2010-10-13,51841.53,41689.787142857145,37383.382366666665,46646.97,55162.92,16209.63
2010-10-14,87053.6,49773.34142857143,39497.386366666666,51841.53,30468.72,23633.48
2010-10-15,42504.37,49024.37285714286,40380.0937,87053.6,47747.15,16023.15
2010-10-17,31444.71,46103.724285714285,40902.84103333333,42504.37,51889.25,15762.29
2010-10-18,36716.08,48035.909999999996,41027.75836666666,31444.71,23190.78,32968.56
2010-10-19,46626.44,48976.24285714287,41923.411700000004,36716.08,40044.11,19756.84
2010-10-20,43661.16,48549.69857142858,42250.41536666667,46626.44,46646.97,33851.05
2010-10-21,33093.23,45871.369999999995,42447.75166666667,43661.16,51841.53,27173.141
2010-10-22,32940.68,38140.95285714286,42894.16266666666,33093.23,87053.6,19548.35
2010-10-24,28872.3,36193.514285714286,43090.428,32940.68,42504.37,22984.34
2010-10-25,28007.03,35702.41714285714,42736.17633333334,28872.3,31444.71,38634.58
2010-10-26,42670.75,36553.08428571429,42320.14766666667,28007.03,36716.08,55151.61
2010-10-27,30541.15,34255.18571428572,42429.481999999996,42670.75,46626.44,27261.12
2010-10-28,30771.4,32413.79142857143,42309.33733333334,30541.15,43661.16,34375.74
2010-10-29,36158.84,32851.735714285714,41942.621666666666,30771.4,33093.23,47160.31
2010-10-31,30345.65,32481.01714285714,42225.52766666667,36158.84,32940.68,21858.47
2010-11-01,20819.29,31330.587142857144,39078.056,30345.65,28872.3,115243.44
2010-11-02,43000.14,33472.46000000001,39171.23233333333,20819.29,28007.03,40204.85
2010-11-03,42957.23,33513.385714285716,39373.280333333336,43000.14,42670.75,36895.79
2010-11-04,84346.78,41199.90428571428,40926.78133333334,42957.23,30541.15,37741.75
2010-11-05,40980.13,42658.294285714284,41139.52366666667,84346.78,30771.4,34597.86
2010-11-07,31829.1,42039.759999999995,40911.7,40980.13,36158.84,38663.81
2010-11-08,32430.401,42337.58157142857,40825.39636666667,31829.1,30345.65,35019.51
2010-11-09,53303.03,46978.11585714285,40763.40003333334,32430.401,20819.29,55162.92
2010-11-10,73828.15,51382.11728571429,42208.71436666667,53303.03,43000.14,30468.72
2010-11-11,59838.16,53793.67871428571,42611.74803333333,73828.15,42957.23,47747.15
2010-11-12,36207.04,46916.573,42089.007699999995,59838.16,84346.78,51889.25
2010-11-14,28344.41,45111.470142857135,42260.79536666666,36207.04,40980.13,23190.78
2010-11-15,43238.62,46741.40157142857,42367.27903333333,28344.41,31829.1,40044.11
2010-11-16,64020.54,51254.27857142857,42946.39803333334,43238.62,32430.401,46646.97
2010-11-17,45982.431,50208.47871428572,42751.09473333333,64020.54,53303.03,51841.53
2010-11-18,37235.14,44980.90585714286,41090.4794,45982.431,73828.15,87053.6
2010-11-19,40229.5,42179.66871428571,41014.650400000006,37235.14,59838.16,42504.37
2010-11-21,32448.6,41642.74871428571,41048.1134,40229.5,36207.04,31444.71
2010-11-22,31847.63,42143.20871428571,40885.83173333333,32448.6,28344.41,36716.08
2010-11-23,50010.02,43110.551571428565,40998.61773333334,31847.63,43238.62,46626.44
2010-11-24,41375.81,39875.590142857145,40922.4394,50010.02,64020.54,43661.16
2010-11-25,68099.3,43035.142857142855,42089.308399999994,41375.81,45982.431,33093.23
2010-11-26,28995.48,41858.04857142857,41957.801733333334,68099.3,37235.14,32940.68
2010-11-28,27587.260000000002,40052.014285714286,41914.967066666664,28995.48,40229.5,28872.3
2010-11-29,63425.28,44477.25428571429,43095.575399999994,27587.260000000002,32448.6,28007.03
2010-11-30,49956.57,47064.24571428572,43338.43606666666,63425.28,31847.63,42670.75
2010-12-01,92752.98,53170.38285714285,45412.163733333335,49956.57,50010.02,30541.15
2010-12-02,94633.06,60778.561428571425,47540.88573333333,92752.98,41375.81,30771.4
2010-12-03,47843.42,57884.864285714284,47930.37173333333,94633.06,68099.3,36158.84
2010-12-05,63543.2,62820.25285714286,49036.956733333325,47843.42,28995.48,30345.65
2010-12-06,62431.28,67797.97,50424.02306666667,63543.2,27587.260000000002,20819.29
2010-12-07,107590.62,74107.30428571429,52577.039066666664,62431.28,63425.28,43000.14
2010-12-08,78497.64,78184.59999999999,53761.719399999994,107590.62,49956.57,42957.23
2010-12-09,76463.8,75857.57428571429,53498.9534,78497.64,92752.98,84346.78
2010-12-10,33650.28,67145.74857142857,53254.62506666667,76463.8,94633.06,40980.13
2010-12-12,17305.77,62783.22714285715,52770.51406666667,33650.28,47843.42,31829.1
2010-12-13,27642.68,57654.58142857143,52610.92336666666,17305.77,63543.2,32430.401
2010-12-14,29322.3,52924.72714285715,51811.56570000001,27642.68,62431.28,53303.03
2010-12-15,30311.72,41884.88428571428,50361.018033333334,29322.3,107590.62,73828.15
2010-12-16,49030.08,37675.23285714286,50000.748700000004,30311.72,78497.64,59838.16
2010-12-17,20046.56,29615.627142857145,49462.06603333333,49030.08,76463.8,36207.04
2010-12-19,7417.39,25868.071428571428,48764.498700000004,20046.56,33650.28,28344.41
2010-12-20,19621.96,26198.955714285716,47977.2767,7417.39,17305.77,43238.62
2010-12-21,15951.66,24528.809999999998,46374.98069999999,19621.96,27642.68,64020.54
2010-12-22,4886.52,21037.984285714287,45005.117,15951.66,29322.3,45982.431
2010-12-23,5648.97,17514.734285714287,43952.24466666666,4886.52,30311.72,37235.14
2011-01-04,12125.460000000001,12242.645714285714,43015.443333333336,5648.97,49030.08,40229.5
2011-01-05,28803.63,13493.655714285715,42893.94433333333,12125.460000000001,20046.56,32448.6
2011-01-06,34360.19,17342.627142857145,42977.69633333333,28803.63,7417.39,31847.63
2011-01-07,23797.79,17939.174285714285,42103.95533333333,34360.19,19621.96,50010.02
2011-01-09,15778.2,17914.394285714287,41250.70166666666,23797.79,15951.66,41375.81
2011-01-10,15346.83,19408.72428571429,39492.286,15778.2,4886.52,68099.3
2011-01-11,60268.78,27211.554285714286,40534.72933333334,15346.83,5648.97,28995.48
2011-01-12,17153.94,27929.908571428572,40186.952000000005,60268.78,12125.460000000001,27587.260000000002
2011-01-13,15171.31,25982.434285714287,38578.486333333334,17153.94,28803.63,63425.28
2011-01-14,39532.02,26721.26714285714,38231.00133333333,15171.31,34360.19,49956.57
2011-01-16,7242.06,24356.162857142856,35380.63733333334,39532.02,23797.79,92752.98
2011-01-17,16597.35,24473.184285714284,32779.447,7242.06,15778.2,94633.06
2011-01-18,87589.11,34793.51,34104.30333333334,16597.35,15346.83,47843.42
2011-01-19,21646.78,29276.08142857143,32707.755999999998,87589.11,60268.78,63543.2
2011-01-20,15244.73,29003.33714285714,31134.870999999996,21646.78,17153.94,62431.28
2011-01-21,24279.76,30304.544285714284,28357.842333333334,15244.73,15171.31,107590.62
2011-01-23,10400.25,26142.86285714286,26087.929333333333,24279.76,39532.02,78497.64
2011-01-24,17632.37,27627.192857142858,24126.881666666664,10400.25,7242.06,76463.8
2011-01-25,24119.3,28701.757142857143,23809.182333333334,17632.37,16597.35,33650.28
2011-01-26,17490.82,18687.715714285714,23815.35066666666,24119.3,87589.11,17305.77
2011-01-27,22157.03,18760.608571428573,23632.495666666666,17490.82,21646.78,27642.68
2011-01-28,17273.5,19050.432857142856,23230.869,22157.03,15244.73,29322.3
2011-01-30,6615.75,16527.002857142856,22441.003333333334,17273.5,24279.76,30311.72
2011-01-31,18818.08,17729.55,21433.93666666667,6615.75,10400.25,49030.08
2011-02-01,26376.5,18978.711428571427,21644.934666666668,18818.08,17632.37,20046.56
2011-02-02,17145.23,17982.415714285715,21969.196,26376.5,24119.3,7417.39
2011-02-03,22184.0,18652.87,22054.597333333335,17145.23,17490.82,19621.96
2011-02-04,18114.31,18075.338571428572,22126.685666666664,22184.0,22157.03,15951.66
2011-02-06,3457.11,16101.56857142857,22079.038666666664,18114.31,17273.5,4886.52
2011-02-07,23415.01,18501.46285714286,22671.239999999998,3457.11,6615.75,5648.97
2011-02-08,14168.03,17837.170000000002,22739.325666666668,23415.01,18818.08,12125.460000000001
2011-02-09,11920.78,15772.067142857142,22176.564000000002,14168.03,26376.5,28803.63
2011-02-10,14198.51,15351.107142857143,21504.507999999998,11920.78,17145.23,34360.19
2011-02-11,18599.46,14839.03,21331.230333333333,14198.51,22184.0,23797.79
2011-02-13,5713.63,13067.504285714285,20995.744666666666,18599.46,18114.31,15778.2
2011-02-14,23003.99,15859.915714285715,21250.983333333334,5713.63,3457.11,15346.83
2011-02-15,37784.65,17912.72142857143,20501.512333333332,23003.99,23415.01,60268.78
2011-02-16,23499.22,19245.74857142857,20713.021666666667,37784.65,14168.03,17153.94
2011-02-17,17674.79,20067.75,20796.471,23499.22,11920.78,15171.31
2011-02-18,14463.06,20105.54285714286,19960.838999999996,17674.79,14198.51,39532.02
2011-02-20,9624.69,18823.432857142856,20040.260000000002,14463.06,18599.46,7242.06
2011-02-21,32801.73,22693.161428571428,20580.406000000003,9624.69,5713.63,16597.35
2011-02-22,29160.48,23572.660000000003,18632.785,32801.73,23003.99,87589.11
2011-02-23,19348.07,20938.86285714286,18556.161333333337,29160.48,37784.65,21646.78
2011-02-24,21472.89,20649.38714285714,18763.766666666666,19348.07,23499.22,15244.73
2011-02-25,18377.69,20749.801428571427,18567.031000000003,21472.89,17674.79,24279.76
2011-02-27,9526.5,20044.57857142857,18537.906000000003,18377.69,14463.06,10400.25
2011-02-28,15107.02,20827.768571428573,18453.72766666667,9526.5,9624.69,17632.37
2011-03-01,23631.87,19517.78857142857,18437.48,15107.02,32801.73,24119.3
2011-03-02,18686.99,18021.575714285715,18477.352333333336,23631.87,29160.48,17490.82
2011-03-03,32855.05,19951.144285714287,18833.953,18686.99,19348.07,22157.03
2011-03-04,17322.47,19358.227142857144,18835.585333333336,32855.05,21472.89,17273.5
2011-03-06,9997.42,18161.045714285712,18948.307666666668,17322.47,18377.69,6615.75
2011-03-07,20285.68,19698.071428571428,18997.227666666666,9997.42,9526.5,18818.08
2011-03-08,22230.61,20715.727142857144,18859.031333333336,20285.68,15107.02,26376.5
2011-03-09,20345.87,20246.29857142857,18965.71933333333,22230.61,23631.87,17145.23
2011-03-10,24431.72,21066.97428571429,19040.64333333333,20345.87,18686.99,22184.0
2011-03-11,20896.0,19358.53857142857,19133.36633333333,24431.72,32855.05,18114.31
2011-03-13,4148.12,17476.48857142857,19156.4,20896.0,17322.47,3457.11
2011-03-14,26009.25,19763.89285714286,19242.874666666667,4148.12,9997.42,23415.01
2011-03-15,14936.43,18999.714285714286,19268.488,26009.25,20285.68,14168.03
2011-03-16,21820.66,18941.149999999998,19598.484,14936.43,22230.61,11920.78
2011-03-17,32028.94,20610.16,20192.831666666665,21820.66,20345.87,14198.51
2011-03-18,23398.74,20462.591428571428,20352.807666666668,32028.94,24431.72,18599.46
2011-03-20,20084.8,20346.705714285716,20831.846666666668,23398.74,20896.0,5713.63
2011-03-21,16051.05,22047.124285714286,20600.082,20084.8,4148.12,23003.99
2011-03-22,19064.29,21054.987142857142,19976.07,16051.05,26009.25,37784.65
2011-03-23,21578.8,22003.897142857142,19912.056,19064.29,14936.43,23499.22
2011-03-24,36697.14,24129.108571428573,20546.134333333335,21578.8,21820.66,17674.79
2011-03-25,27302.75,23453.93857142857,20974.124000000003,36697.14,32028.94,14463.06
2011-03-27,9224.4,21429.032857142858,20960.781,27302.75,23398.74,9624.69
2011-03-28,20005.16,21417.655714285713,20534.228666666666,9224.4,20084.8,32801.73
2011-03-29,37190.52,24437.579999999998,20801.896666666667,20005.16,16051.05,29160.48
2011-03-30,29587.420000000002,25940.884285714284,21143.208333333332,37190.52,19064.29,19348.07
2011-03-31,25688.61,26528.0,21283.732333333337,29587.420000000002,21578.8,21472.89
2011-04-01,24586.82,24797.954285714284,21490.70333333333,25688.61,36697.14,18377.69
2011-04-03,6918.5,21885.91857142857,21403.77,24586.82,27302.75,9526.5
2011-04-04,29017.77,24713.542857142857,21867.461666666666,6918.5,9224.4,15107.02
2011-04-05,28759.37,25964.144285714283,22038.378333333334,29017.77,20005.16,23631.87
2011-04-06,12722.32,22468.687142857143,21839.555999999997,28759.37,37190.52,18686.99
2011-04-07,16827.77,20645.88,21305.31333333333,12722.32,29587.420000000002,32855.05
2011-04-08,22720.71,20221.894285714287,21485.254666666668,16827.77,25688.61,17322.47
2011-04-10,9913.98,18125.774285714284,21482.473333333335,22720.71,24586.82,9997.42
2011-04-11,20184.14,20020.865714285716,21479.088666666667,9913.98,6918.5,20285.68
2011-04-12,24023.96,19307.464285714286,21538.867000000002,20184.14,29017.77,22230.61
2011-04-13,24484.420000000002,18696.757142857143,21676.81866666667,24023.96,28759.37,20345.87
2011-04-14,35702.7,21979.66857142857,22052.518,24484.420000000002,12722.32,24431.72
2011-04-15,18021.481,22150.19871428571,21956.7007,35702.7,16827.77,20896.0
2011-04-17,12725.5,20722.31157142857,22242.61336666667,18021.481,22720.71,4148.12
2011-04-18,43713.56,25550.823,22832.757033333335,12725.5,9913.98,26009.25
2011-04-19,18853.04,25360.665857142856,22963.310699999998,43713.56,20184.14,14936.43
2011-04-20,25718.95,25602.807285714287,23093.253699999997,18853.04,24023.96,21820.66
2011-04-21,27804.47,26077.100142857144,22952.438033333336,25718.95,24484.420000000002,32028.94
2011-04-26,21584.41,24060.201571428574,22891.960366666666,27804.47,35702.7,23398.74
2011-04-27,23593.2,24856.161428571428,23008.907033333333,21584.41,18021.481,20084.8
2011-04-28,21323.29,26084.417142857146,23184.648366666668,23593.2,12725.5,16051.05
2011-05-01,6973.66,20835.860000000004,22781.627366666668,21323.29,43713.56,19064.29
2011-05-03,28910.41,22272.627142857145,23026.014366666666,6973.66,18853.04,21578.8
2011-05-04,27532.0,22531.634285714284,22720.5097,28910.41,25718.95,36697.14
2011-05-05,25232.67,22164.234285714287,22651.50703333333,27532.0,27804.47,27302.75
2011-05-06,30786.7,23478.847142857143,23370.250366666667,25232.67,21584.41,9224.4
2011-05-08,18867.4,22803.73285714286,23332.325033333334,30786.7,23593.2,20005.16
2011-05-09,21624.41,22846.75,22813.4547,18867.4,21323.29,37190.52
2011-05-10,29870.7,26117.755714285715,22822.897366666664,21624.41,6973.66,29587.420000000002
2011-05-11,31887.7,26543.08285714286,23029.533699999996,29870.7,28910.41,25688.61
2011-05-12,59901.56,31167.305714285718,24206.691700000003,31887.7,27532.0,24586.82
2011-05-13,25885.83,31260.614285714284,24838.936033333335,59901.56,25232.67,6918.5
2011-05-15,9680.05,28245.37857142857,24194.34536666667,25885.83,30786.7,29017.77
2011-05-16,35706.7,30650.992857142857,24425.923033333333,9680.05,18867.4,28759.37
2011-05-17,46406.090000000004,34191.23285714286,25548.715366666667,35706.7,21624.41,12722.32
2011-05-18,32882.87,34621.54285714286,26083.885366666666,46406.090000000004,29870.7,16827.77
2011-05-19,31553.51,34573.80142857142,26378.31203333333,32882.87,31887.7,22720.71
2011-05-20,25489.66,29657.815714285713,26897.501366666667,31553.51,59901.56,9913.98
2011-05-22,24231.09,29421.424285714285,27032.399699999998,25489.66,25885.83,20184.14
2011-05-23,31307.49,32511.058571428577,27275.18403333333,24231.09,9680.05,24023.96
2011-05-24,32462.48,32047.59857142857,27541.119366666666,31307.49,35706.7,24484.420000000002
2011-05-25,21884.93,28544.575714285715,27080.527033333332,32462.48,46406.090000000004,35702.7
2011-05-26,32764.38,28527.64857142857,27571.957,21884.93,32882.87,18021.481
2011-05-27,21163.32,27043.335714285717,27853.217666666667,32764.38,31553.51,12725.5
2011-05-29,7394.3,24458.284285714286,26642.575666666668,21163.32,25489.66,43713.56
2011-05-31,18194.65,23595.935714285715,26620.629333333334,7394.3,24231.09,18853.04
2011-06-01,15390.89,21322.135714285712,26276.360666666667,18194.65,31307.49,25718.95
2011-06-02,28104.56,20699.575714285715,26286.363666666664,15390.89,32462.48,27804.47
2011-06-03,15042.26,19722.051428571427,26068.292,28104.56,21884.93,21584.41
2011-06-05,25639.54,18704.217142857142,26136.503333333334,15042.26,32764.38,23593.2
2011-06-06,16290.98,18008.168571428574,25968.75966666667,25639.54,21163.32,21323.29
2011-06-07,33908.26,21795.877142857145,26866.57966666667,16290.98,7394.3,6973.66
2011-06-08,30192.13,23509.802857142855,26909.303666666667,33908.26,18194.65,28910.41
2011-06-09,42910.38,27441.15857142857,27421.916333333334,30192.13,15390.89,27532.0
2011-06-10,58245.12,31746.952857142856,28522.331333333335,42910.38,28104.56,25232.67
2011-06-12,12472.210000000001,31379.802857142862,27911.84833333333,58245.12,15042.26,30786.7
2011-06-13,19719.11,30534.027142857143,27940.238666666664,12472.210000000001,25639.54,18867.4
2011-06-14,33334.47,32968.811428571425,28330.574000000004,19719.11,16290.98,21624.41
2011-06-15,45077.54,34564.422857142854,28837.468666666664,33334.47,33908.26,29870.7
2011-06-16,32307.77,34866.65714285714,28851.471,45077.54,30192.13,31887.7
2011-06-17,19059.23,31459.350000000002,27490.059999999998,32307.77,42910.38,59901.56
2011-06-19,22442.18,26344.644285714287,27375.271666666667,19059.23,58245.12,25885.83
2011-06-20,26136.73,28296.71857142857,27923.827666666664,22442.18,12472.210000000001,9680.05
2011-06-21,19850.66,28315.51142857143,27395.293,26136.73,19719.11,35706.7
2011-06-22,21170.42,26577.79,26554.104,19850.66,33334.47,46406.090000000004
2011-06-23,22556.81,23360.542857142857,26209.902000000002,21170.42,45077.54,32882.87
2011-06-24,16021.710000000001,21033.962857142855,25692.175333333333,22556.81,32307.77,31553.51
2011-06-26,7082.49,19323.0,25078.603,16021.710000000001,19059.23,25489.66
2011-06-27,13412.2,18033.00285714286,24717.973333333335,7082.49,22442.18,24231.09
2011-06-28,30532.37,18660.95142857143,24692.136000000002,13412.2,26136.73,31307.49
2011-06-29,12570.63,17620.947142857145,24029.074333333334,30532.37,19850.66,32462.48
2011-06-30,41743.04,20559.89285714286,24691.011333333332,12570.63,21170.42,21884.93
2011-07-01,12189.29,19078.818571428572,24005.175,41743.04,22556.81,32764.38
2011-07-03,6032.39,17651.772857142856,23500.810666666664,12189.29,16021.710000000001,21163.32
2011-07-04,30985.170000000002,21066.441428571427,24287.173000000003,6032.39,7082.49,7394.3
2011-07-05,25992.260000000002,22863.592857142856,24547.093333333334,30985.170000000002,13412.2,18194.65
2011-07-06,22960.48,21781.894285714287,24799.413,25992.260000000002,30532.37,15390.89
2011-07-07,27893.66,23970.898571428574,24792.382999999998,22960.48,12570.63,28104.56
2011-07-08,17558.3,20515.93571428571,24876.251,27893.66,41743.04,15042.26
2011-07-10,5993.87,19630.875714285714,24221.395333333334,17558.3,12189.29,25639.54
2011-07-11,20080.03,21637.68142857143,24347.697,5993.87,6032.39,16290.98
2011-07-12,17948.19,19775.25571428571,23815.694666666666,20080.03,30985.170000000002,33908.26
2011-07-13,19432.85,18838.197142857145,23457.052,17948.19,25992.260000000002,30192.13
2011-07-14,32020.91,20132.544285714284,23094.069666666666,19432.85,22960.48,42910.38
2011-07-15,11857.300000000001,17841.635714285712,21547.809,32020.91,27893.66,58245.12
2011-07-17,16958.6,17755.964285714286,21697.355333333333,11857.300000000001,17558.3,12472.210000000001
2011-07-18,22018.36,20045.17714285714,21773.997,16958.6,5993.87,19719.11
2011-07-19,46599.08,23833.61285714286,22216.150666666665,22018.36,20080.03,33334.47
2011-07-20,27076.97,25137.72428571429,21616.131666666668,46599.08,17948.19,45077.54
2011-07-21,30394.71,26703.704285714284,21552.363,27076.97,19432.85,32307.77
2011-07-22,14633.77,24219.82714285714,21404.84766666667,30394.71,32020.91,19059.23
2011-07-24,26796.920000000002,26354.058571428573,21550.005666666664,14633.77,11857.300000000001,22442.18
2011-07-25,19687.31,26743.874285714286,21335.025,26796.920000000002,16958.6,26136.73
2011-07-26,17293.001,26068.823,21249.7697,19687.31,22018.36,19850.66
2011-07-27,22855.32,22676.857285714283,21305.933033333335,17293.001,46599.08,21170.42
2011-07-28,54198.37,26551.343,22360.6517,22855.32,27076.97,22556.81
2011-07-29,17240.61,24672.185857142857,22401.2817,54198.37,30394.71,16021.710000000001
2011-07-31,33393.29,27352.11728571429,23278.308366666668,17240.61,14633.77,7082.49
2011-08-01,19808.4,26353.757285714288,23491.515033333333,33393.29,26796.920000000002,13412.2
2011-08-02,20277.05,26438.005857142856,23149.671033333332,19808.4,19687.31,30532.37
2011-08-03,26617.77,27770.115714285716,23617.909033333333,20277.05,17293.001,12570.63
2011-08-04,62079.61,33373.58571428571,24295.794700000002,26617.77,22855.32,41743.04
2011-08-05,19825.4,28463.161428571428,24550.3317,62079.61,54198.37,12189.29
2011-08-07,7576.96,27082.640000000003,24601.817366666666,19825.4,17240.61,6032.39
2011-08-08,19758.62,25134.829999999998,24227.59903333333,7576.96,33393.29,30985.170000000002
2011-08-09,25957.12,26013.21857142857,24226.4277,19758.62,19808.4,25992.260000000002
2011-08-10,19861.56,25953.86285714286,24123.130366666664,25957.12,20277.05,22960.48
2011-08-11,54386.17,29920.777142857143,25006.214033333337,19861.56,26617.77,27893.66
2011-08-12,17970.170000000002,23619.428571428572,25019.943033333333,54386.17,62079.61,17558.3
2011-08-14,5718.57,21604.16714285714,25010.766366666667,17970.170000000002,19825.4,5993.87
2011-08-15,17243.97,22985.16857142857,24916.231033333333,5718.57,7576.96,20080.03
2011-08-16,16077.84,22459.342857142856,24853.886033333332,17243.97,19758.62,17948.19
2011-08-17,48769.64,25718.274285714284,25831.779033333336,16077.84,25957.12,19432.85
2011-08-18,54082.81,30607.024285714284,26567.175700000003,48769.64,19861.56,32020.91
2011-08-19,17339.59,25314.655714285716,26749.9187,54082.81,54386.17,11857.300000000001
2011-08-21,14566.84,24828.465714285714,26670.193366666666,17339.59,17970.170000000002,16958.6
2011-08-22,29623.18,28243.41,26923.68736666667,14566.84,5718.57,22018.36
2011-08-23,22399.11,28979.858571428573,26117.0217,29623.18,17243.97,46599.08
2011-08-24,38617.01,32199.739999999998,26501.6897,22399.11,16077.84,27076.97
2011-08-25,22495.29,28446.261428571426,26238.375699999997,38617.01,48769.64,30394.71
2011-08-26,24111.64,24164.66571428572,26554.304699999997,22495.29,54082.81,14633.77
2011-08-28,10805.03,23231.157142857144,26021.2417,24111.64,17339.59,26796.920000000002
2011-08-30,8833.710000000001,22412.13857142857,25659.45503333333,10805.03,14566.84,19687.31
2011-08-31,20540.84,21114.661428571428,25767.716333333334,8833.710000000001,29623.18,17293.001
2011-09-01,37370.15,23253.38142857143,26251.544,20540.84,22399.11,22855.32
2011-09-02,30297.05,22064.815714285713,25454.833333333332,37370.15,38617.01,54198.37
2011-09-04,17005.03,21280.492857142854,25446.980666666666,30297.05,22495.29,17240.61
2011-09-05,35698.7,22935.787142857145,25523.827666666664,17005.03,24111.64,33393.29
2011-09-06,25495.82,25034.471428571425,25713.408333333333,35698.7,10805.03,19808.4
2011-09-07,21967.420000000002,26910.715714285714,25769.754,25495.82,8833.710000000001,20277.05
2011-09-08,23188.3,27288.92428571428,25655.438333333335,21967.420000000002,20540.84,26617.77
2011-09-09,25142.15,25542.06714285714,24424.18966666667,23188.3,37370.15,62079.61
2011-09-11,35511.67,26287.012857142858,24947.065333333332,25142.15,30297.05,19825.4
2011-09-12,27989.4,27856.20857142857,25627.48,35511.67,17005.03,7576.96
2011-09-13,48162.25,29636.715714285714,26574.267666666667,27989.4,35698.7,19758.62
2011-09-14,22027.95,29141.305714285718,26443.29533333333,48162.25,25495.82,25957.12
2011-09-15,71993.67,36287.91285714286,28181.032333333333,22027.95,21967.420000000002,19861.56
2011-09-16,23248.98,36296.58142857143,27143.125999999997,71993.67,23188.3,54386.17
2011-09-18,15745.73,34954.235714285714,27068.978000000003,23248.98,25142.15,17970.170000000002
2011-09-19,46607.22,36539.31428571429,28431.933,15745.73,35511.67,5718.57
2011-09-20,103435.81,47317.37285714286,31304.994333333332,46607.22,27989.4,17243.97
2011-09-21,38503.06,45937.48857142858,32052.501666666667,103435.81,48162.25,16077.84
2011-09-22,57869.36,51057.69,32355.825666666668,38503.06,22027.95,48769.64
2011-09-23,31781.1,45313.037142857145,31612.43533333333,57869.36,71993.67,54082.81
2011-09-25,31372.661,46473.563,32080.204366666665,31781.1,23248.98,17339.59
2011-09-26,29329.841,48414.15028571429,32572.3044,31372.661,15745.73,14566.84
2011-09-27,29274.36,45938.02742857143,32560.677066666663,29329.841,46607.22,29623.18
2011-09-28,39057.89,36741.18171428571,33115.96973333333,29274.36,103435.81,22399.11
2011-09-29,44729.37,37630.65457142857,33319.715066666664,39057.89,38503.06,38617.01
2011-09-30,40033.44,35082.666000000005,33904.32006666667,44729.37,57869.36,22495.29
2011-10-02,11582.95,32197.216000000004,33486.69706666667,40033.44,31781.1,24111.64
2011-10-03,62275.95,36611.97157142858,35202.3944,11582.95,31372.661,10805.03
2011-10-04,38690.2,37949.16571428572,36197.61073333334,62275.95,29329.841,8833.710000000001
2011-10-05,74108.43,44354.032857142854,37983.19706666667,38690.2,29274.36,20540.84
2011-10-06,60387.8,47401.16285714286,38750.45206666667,74108.43,39057.89,37370.15
2011-10-07,49187.67,48038.06285714286,39380.1394,60387.8,44729.37,30297.05
2011-10-09,12466.81,44099.97285714286,39228.8654,49187.67,40033.44,17005.03
2011-10-10,43080.32,48599.59714285714,39474.9194,12466.81,11582.95,35698.7
2011-10-11,46436.77,46336.857142857145,40172.95106666666,43080.32,62275.95,25495.82
2011-10-12,27731.37,44771.310000000005,40365.08273333334,46436.77,38690.2,21967.420000000002
2011-10-13,33039.18,38904.27428571428,40693.4454,27731.37,74108.43,23188.3
2011-10-14,32124.68,34866.68571428572,40926.1964,33039.18,60387.8,25142.15
2011-10-16,22010.96,30984.29857142857,40476.17273333333,32124.68,49187.67,35511.67
2011-10-17,47005.24,35918.36,41110.03406666667,22010.96,12466.81,27989.4
2011-10-18,37302.4,35092.94285714285,40748.039066666664,47005.24,43080.32,48162.25
2011-10-19,37333.52,33792.478571428575,41258.224733333336,37302.4,46436.77,22027.95
2011-10-20,61064.06,38554.29142857143,40893.9044,37333.52,27731.37,71993.67
2011-10-21,60417.26,42465.44571428571,42132.84706666667,61064.06,33039.18,23248.98
2011-10-23,12339.16,39638.942857142865,42019.29473333333,60417.26,32124.68,15745.73
2011-10-24,39315.28,42110.98857142857,41776.23006666666,12339.16,22010.96,46607.22
2011-10-25,36235.95,40572.51857142857,39536.23473333333,39315.28,47005.24,103435.81
2011-10-26,34435.32,40162.93571428571,39400.64340000001,36235.95,37302.4,38503.06
2011-10-27,55837.14,42806.31,39332.90273333333,34435.32,37333.52,57869.36
2011-10-28,37290.57,39410.09714285714,39516.551733333334,55837.14,61064.06,31781.1
2011-10-30,34571.23,35717.80714285714,39623.1707,37290.57,60417.26,31372.661
2011-10-31,33048.57,38676.294285714284,39747.128333333334,34571.23,12339.16,29329.841
2011-11-01,29132.81,37221.65571428571,39742.409999999996,33048.57,39315.28,29274.36
2011-11-02,38734.7,37578.619999999995,39731.637,29132.81,36235.95,39057.89
2011-11-03,60672.11,41326.73285714286,40263.06166666666,38734.7,34435.32,44729.37
2011-11-04,56099.24,41364.17571428571,40798.58833333333,60672.11,55837.14,40033.44
2011-11-06,42941.340000000004,42171.42857142857,41843.868,56099.24,37290.57,11582.95
2011-11-07,28779.24,41344.00142857143,40727.311,42941.340000000004,34571.23,62275.95
2011-11-08,38295.12,42093.508571428574,40714.141666666656,28779.24,33048.57,38690.2
2011-11-09,61489.18,46715.84714285714,40293.5,38295.12,29132.81,74108.43
2011-11-10,70513.29,51255.64571428571,40631.016333333326,61489.18,38734.7,60387.8
2011-11-11,37081.37,47885.53999999999,40227.473,70513.29,60672.11,49187.67
2011-11-13,28607.78,43958.188571428575,40765.50533333333,37081.37,56099.24,12466.81
2011-11-14,58777.71,46220.527142857136,41288.75166666667,28607.78,42941.340000000004,43080.32
2011-11-15,47729.0,48927.63571428571,41331.826,58777.71,28779.24,46436.77
2011-11-16,48439.76,50376.869999999995,42022.10566666666,47729.0,38295.12,27731.37
2011-11-17,55885.3,49576.31571428571,42783.643000000004,48439.76,61489.18,33039.18
2011-11-18,36751.25,44753.16714285714,42937.862,55885.3,70513.29,32124.68
2011-11-20,30190.920000000002,43768.817142857144,43210.527333333324,36751.25,37081.37,22010.96
2011-11-21,45333.13,46158.15285714285,43154.79033333333,30190.920000000002,28607.78,47005.24
2011-11-22,49664.89,44856.32142857143,43566.87333333333,45333.13,58777.71,37302.4
2011-11-23,71979.93,48320.74,44721.753666666664,49664.89,47729.0,37333.52
2011-11-24,38579.11,46912.07571428572,43972.25533333333,71979.93,48439.76,61064.06
2011-11-25,26674.66,42739.12714285714,42847.50199999999,38579.11,55885.3,60417.26
2011-11-27,17300.96,39960.51428571429,43012.89533333333,26674.66,36751.25,12339.16
2011-11-28,51831.67,43052.049999999996,43430.10833333333,17300.96,30190.920000000002,39315.28
2011-11-29,48851.68,43554.7,43850.632666666665,51831.67,45333.13,36235.95
2011-11-30,41481.23,42385.60571428571,44085.49633333333,48851.68,49664.89,34435.32
2011-12-01,44533.99,38464.75714285714,43708.72466666667,41481.23,71979.93,55837.14
2011-12-02,44713.69,39341.125714285714,43956.162,44533.99,38579.11,37290.57
2011-12-04,20375.96,38441.311428571425,43482.98633333333,44713.69,26674.66,34571.23
2011-12-05,58202.21,44284.34714285714,44321.441,20375.96,17300.96,33048.57
2011-12-06,46144.04,43471.82857142858,44888.481999999996,58202.21,51831.67,29132.81
2011-12-07,69354.21,46400.76142857143,45909.132333333335,46144.04,48851.68,38734.7
2011-12-08,50519.41,47691.93,45570.709,69354.21,41481.23,60672.11
2011-12-09,184367.28,67668.1142857143,49846.310333333335,50519.41,44533.99,56099.24
